fact-000,16,248045,846,198,3710,369,279,6511,314,9338,30,17308,440,1132,279,3177,803,13,248046,198,248045,74455,198,248068,271,248069,271
fact-001,16,248045,846,198,3710,369,279,6511,314,6124,30,17308,440,1132,279,3177,803,13,248046,198,248045,74455,198,248068,271,248069,271
fact-002,16,248045,846,198,3710,369,279,6511,314,15477,30,17308,440,1132,279,3177,803,13,248046,198,248045,74455,198,248068,271,248069,271
fact-003,16,248045,846,198,3710,369,279,6511,314,6650,30,17308,440,1132,279,3177,803,13,248046,198,248045,74455,198,248068,271,248069,271
fact-004,16,248045,846,198,3710,369,279,6511,314,8071,30,17308,440,1132,279,3177,803,13,248046,198,248045,74455,198,248068,271,248069,271
fact-005,16,248045,846,198,3710,369,279,6511,314,14437,30,17308,440,1132,279,3177,803,13,248046,198,248045,74455,198,248068,271,248069,271
fact-006,16,248045,846,198,3710,369,279,6511,314,6535,30,17308,440,1132,279,3177,803,13,248046,198,248045,74455,198,248068,271,248069,271
fact-007,16,248045,846,198,3710,369,279,6511,314,9564,30,17308,440,1132,279,3177,803,13,248046,198,248045,74455,198,248068,271,248069,271
fact-008,16,248045,846,198,3710,369,279,6511,314,14898,30,17308,440,1132,279,3177,803,13,248046,198,248045,74455,198,248068,271,248069,271
fact-009,16,248045,846,198,3710,369,279,6511,314,17163,30,17308,440,1132,279,3177,803,13,248046,198,248045,74455,198,248068,271,248069,271
fact-010,16,248045,846,198,3710,369,279,6511,314,11920,30,17308,440,1132,279,3177,803,13,248046,198,248045,74455,198,248068,271,248069,271
fact-011,16,248045,846,198,3710,369,279,6511,314,30046,30,17308,440,1132,279,3177,803,13,248046,198,248045,74455,198,248068,271,248069,271
fact-012,16,248045,846,198,22365,11153,2315,682,279,7489,462,30,17308,440,1132,279,2315,803,13,248046,198,248045,74455,198,248068,271,248069,271
fact-013,16,248045,846,198,22365,11153,2315,682,279,7489,1216,30,17308,440,1132,279,2315,803,13,248046,198,248045,74455,198,248068,271,248069,271
fact-014,16,248045,846,198,22365,11153,2315,682,279,7489,351,30,17308,440,1132,279,2315,803,13,248046,198,248045,74455,198,248068,271,248069,271
fact-015,16,248045,846,198,22365,11153,2315,682,279,7489,443,30,17308,440,1132,279,2315,803,13,248046,198,248045,74455,198,248068,271,248069,271
fact-016,16,248045,846,198,22365,11153,2315,682,279,7489,496,30,17308,440,1132,279,2315,803,13,248046,198,248045,74455,198,248068,271,248069,271
fact-017,16,248045,846,198,22365,11153,2315,682,279,7489,12444,30,17308,440,1132,279,2315,803,13,248046,198,248045,74455,198,248068,271,248069,271
fact-018,16,248045,846,198,22365,11153,2315,682,279,7489,3713,30,17308,440,1132,279,2315,803,13,248046,198,248045,74455,198,248068,271,248069,271
fact-019,16,248045,846,198,22365,11153,2315,682,279,7489,30994,30,17308,440,1132,279,2315,803,13,248046,198,248045,74455,198,248068,271,248069,271
fact-020,16,248045,846,198,623,864,1007,1467,279,1118,17257,19710,11822,30,17308,440,1132,279,1007,13,248046,198,248045,74455,198,248068,271,248069,271
fact-021,16,248045,846,198,623,864,1007,1467,279,4255,314,279,19241,9447,11822,30,17308,440,1132,279,1007,13,248046,198,248045,74455,198,248068,271,248069,271
fact-022,16,248045,846,198,623,864,1007,1467,279,1118,6278,24110,11277,11822,30,17308,440,1132,279,1007,13,248046,198,248045,74455,198,248068,271,248069,271
fact-023,16,248045,846,198,623,864,1007,1467,279,15499,314,279,2201,39570,314,41655,11822,30,17308,440,1132,279,1007,13,248046,198,248045,74455,198,248068,271,248069,271
fact-024,16,248045,846,198,623,864,1007,1467,279,1118,10650,539,279,25887,19595,11822,30,17308,440,1132,279,1007,13,248046,198,248045,74455,198,248068,271,248069,271
fact-025,16,248045,846,198,623,864,1007,1467,279,809,314,4196,4843,7696,11822,30,17308,440,1132,279,1007,13,248046,198,248045,74455,198,248068,271,248069,271
fact-026,16,248045,846,198,623,864,1007,1467,279,6830,314,221292,220,16,11822,30,17308,440,1132,279,1007,13,248046,198,248045,74455,198,248068,271,248069,271
fact-027,16,248045,846,198,623,864,1007,1467,279,26257,314,279,19919,539,17349,11822,30,17308,440,1132,279,1007,13,248046,198,248045,74455,198,248068,271,248069,271
fact-028,16,248045,846,198,11670,220,18,17,39229,310,8491,13,17308,440,1132,279,1324,11,17440,310,1330,56366,13,248046,198,248045,74455,198,248068,271,248069,271
fact-029,16,248045,846,198,11670,220,16,15,15,39229,310,8491,13,17308,440,1132,279,1324,11,17440,310,1330,56366,13,248046,198,248045,74455,198,248068,271,248069,271
fact-030,16,248045,846,198,11670,220,20,81391,310,15823,13,17308,440,1132,279,1324,11,17440,310,1330,56366,13,248046,198,248045,74455,198,248068,271,248069,271
fact-031,16,248045,846,198,11670,220,17,15,81391,310,15823,13,17308,440,1132,279,1324,11,17440,310,1330,56366,13,248046,198,248045,74455,198,248068,271,248069,271
fact-032,16,248045,846,198,11670,220,17,89668,310,15133,46436,13,17308,440,1132,279,1324,11,17440,310,1330,56366,13,248046,198,248045,74455,198,248068,271,248069,271
fact-033,16,248045,846,198,11670,220,20,15,15,2463,3538,382,310,15133,46436,13,17308,440,1132,279,1324,11,17440,310,1330,56366,13,248046,198,248045,74455,198,248068,271,248069,271
fact-034,16,248045,846,198,11670,220,17,20,11995,59275,310,66401,13,17308,440,1132,279,1324,11,17440,310,1330,56366,13,248046,198,248045,74455,198,248068,271,248069,271
fact-035,16,248045,846,198,11670,220,15,11995,59275,310,66401,13,17308,440,1132,279,1324,11,17440,310,1330,56366,13,248046,198,248045,74455,198,248068,271,248069,271
fact-036,16,248045,846,198,11670,220,16,15,19434,310,7303,13,17308,440,1132,279,1324,11,17440,310,1330,56366,13,248046,198,248045,74455,198,248068,271,248069,271
fact-037,16,248045,846,198,11670,220,18,19434,310,7303,13,17308,440,1132,279,1324,11,17440,310,1330,56366,13,248046,198,248045,74455,198,248068,271,248069,271
fact-038,16,248045,846,198,11670,220,22,77859,310,25525,13,17308,440,1132,279,1324,11,17440,310,1330,56366,13,248046,198,248045,74455,198,248068,271,248069,271
fact-039,16,248045,846,198,11670,220,17,77859,310,25525,13,17308,440,1132,279,1324,11,17440,310,1330,56366,13,248046,198,248045,74455,198,248068,271,248069,271
arit-000,16,248045,846,198,3710,369,220,19,16,20,478,220,24,23,24,30,17308,440,1132,279,1324,13,248046,198,248045,74455,198,248068,271,248069,271
arit-001,16,248045,846,198,3710,369,220,17,20,22,478,220,22,18,17,30,17308,440,1132,279,1324,13,248046,198,248045,74455,198,248068,271,248069,271
arit-002,16,248045,846,198,3710,369,220,16,20,16,478,220,22,17,16,30,17308,440,1132,279,1324,13,248046,198,248045,74455,198,248068,271,248069,271
arit-003,16,248045,846,198,3710,369,220,20,19,16,478,220,19,21,15,30,17308,440,1132,279,1324,13,248046,198,248045,74455,198,248068,271,248069,271
arit-004,16,248045,846,198,3710,369,220,24,19,15,478,220,24,17,17,30,17308,440,1132,279,1324,13,248046,198,248045,74455,198,248068,271,248069,271
arit-005,16,248045,846,198,3710,369,220,22,19,18,478,220,19,18,18,30,17308,440,1132,279,1324,13,248046,198,248045,74455,198,248068,271,248069,271
arit-006,16,248045,846,198,3710,369,220,18,20,21,22,471,220,19,21,21,30,17308,440,1132,279,1324,13,248046,198,248045,74455,198,248068,271,248069,271
arit-007,16,248045,846,198,3710,369,220,17,22,24,20,471,220,21,21,17,30,17308,440,1132,279,1324,13,248046,198,248045,74455,198,248068,271,248069,271
arit-008,16,248045,846,198,3710,369,220,22,15,20,18,471,220,17,17,22,30,17308,440,1132,279,1324,13,248046,198,248045,74455,198,248068,271,248069,271
arit-009,16,248045,846,198,3710,369,220,17,21,15,18,471,220,18,17,17,30,17308,440,1132,279,1324,13,248046,198,248045,74455,198,248068,271,248069,271
arit-010,16,248045,846,198,3710,369,220,18,21,348,220,16,22,30,17308,440,1132,279,1324,13,248046,198,248045,74455,198,248068,271,248069,271
arit-011,16,248045,846,198,3710,369,220,20,20,348,220,18,20,30,17308,440,1132,279,1324,13,248046,198,248045,74455,198,248068,271,248069,271
arit-012,16,248045,846,198,3710,369,220,24,22,348,220,23,24,30,17308,440,1132,279,1324,13,248046,198,248045,74455,198,248068,271,248069,271
arit-013,16,248045,846,198,3710,369,220,19,24,348,220,19,17,30,17308,440,1132,279,1324,13,248046,198,248045,74455,198,248068,271,248069,271
arit-014,16,248045,846,198,3710,369,220,19,19,20,24,593,220,19,24,30,17308,440,1132,279,1324,13,248046,198,248045,74455,198,248068,271,248069,271
arit-015,16,248045,846,198,3710,369,220,19,16,16,21,593,220,19,17,30,17308,440,1132,279,1324,13,248046,198,248045,74455,198,248068,271,248069,271
arit-016,16,248045,846,198,3710,369,318,19,20,478,220,23,16,8,348,220,20,30,17308,440,1132,279,1324,13,248046,198,248045,74455,198,248068,271,248069,271
arit-017,16,248045,846,198,3710,369,318,24,20,478,220,22,24,8,348,220,24,30,17308,440,1132,279,1324,13,248046,198,248045,74455,198,248068,271,248069,271
arit-018,16,248045,846,198,3710,369,318,22,19,478,220,16,23,8,348,220,16,15,30,17308,440,1132,279,1324,13,248046,198,248045,74455,198,248068,271,248069,271
arit-019,16,248045,846,198,3710,369,318,18,15,478,220,18,20,8,348,220,19,30,17308,440,1132,279,1324,13,248046,198,248045,74455,198,248068,271,248069,271
arit-020,16,248045,846,198,3710,369,318,19,16,478,220,24,17,8,348,220,16,16,30,17308,440,1132,279,1324,13,248046,198,248045,74455,198,248068,271,248069,271
arit-021,16,248045,846,198,3710,369,318,18,15,478,220,17,19,8,348,220,23,30,17308,440,1132,279,1324,13,248046,198,248045,74455,198,248068,271,248069,271
arit-022,16,248045,846,198,3710,369,318,19,18,478,220,21,18,8,348,220,21,30,17308,440,1132,279,1324,13,248046,198,248045,74455,198,248068,271,248069,271
arit-023,16,248045,846,198,3710,369,318,16,22,478,220,19,20,8,348,220,16,15,30,17308,440,1132,279,1324,13,248046,198,248045,74455,198,248068,271,248069,271
arit-024,16,248045,846,198,32,7808,29772,220,17,18,39332,791,1834,13,2500,1599,39332,1503,424,4410,303,220,16,15,2756,30,17308,440,1132,279,1324,13,248046,198,248045,74455,198,248068,271,248069,271
arit-025,16,248045,846,198,32,7808,29772,220,16,16,39332,791,1834,13,2500,1599,39332,1503,424,4410,303,220,16,20,2756,30,17308,440,1132,279,1324,13,248046,198,248045,74455,198,248068,271,248069,271
arit-026,16,248045,846,198,32,7808,29772,220,22,39332,791,1834,13,2500,1599,39332,1503,424,4410,303,220,17,20,2756,30,17308,440,1132,279,1324,13,248046,198,248045,74455,198,248068,271,248069,271
arit-027,16,248045,846,198,32,7808,29772,220,17,20,39332,791,1834,13,2500,1599,39332,1503,424,4410,303,220,17,20,2756,30,17308,440,1132,279,1324,13,248046,198,248045,74455,198,248068,271,248069,271
arit-028,16,248045,846,198,32,7808,29772,220,16,16,39332,791,1834,13,2500,1599,39332,1503,424,4410,303,220,20,2756,30,17308,440,1132,279,1324,13,248046,198,248045,74455,198,248068,271,248069,271
arit-029,16,248045,846,198,32,7808,29772,220,16,15,39332,791,1834,13,2500,1599,39332,1503,424,4410,303,220,20,2756,30,17308,440,1132,279,1324,13,248046,198,248045,74455,198,248068,271,248069,271
arit-030,16,248045,846,198,32,7808,29772,220,21,39332,791,1834,13,2500,1599,39332,1503,424,4410,303,220,16,15,2756,30,17308,440,1132,279,1324,13,248046,198,248045,74455,198,248068,271,248069,271
arit-031,16,248045,846,198,32,7808,29772,220,18,15,39332,791,1834,13,2500,1599,39332,1503,424,4410,303,220,17,20,2756,30,17308,440,1132,279,1324,13,248046,198,248045,74455,198,248068,271,248069,271
arit-032,16,248045,846,198,3710,369,279,25472,314,220,19,16,23,17249,539,220,16,15,30,17308,440,1132,279,1324,13,248046,198,248045,74455,198,248068,271,248069,271
arit-033,16,248045,846,198,3710,369,279,25472,314,220,21,20,17249,539,220,18,18,30,17308,440,1132,279,1324,13,248046,198,248045,74455,198,248068,271,248069,271
arit-034,16,248045,846,198,3710,369,279,25472,314,220,16,15,22,17249,539,220,19,21,30,17308,440,1132,279,1324,13,248046,198,248045,74455,198,248068,271,248069,271
arit-035,16,248045,846,198,3710,369,279,25472,314,220,19,21,16,17249,539,220,17,22,30,17308,440,1132,279,1324,13,248046,198,248045,74455,198,248068,271,248069,271
arit-036,16,248045,846,198,3710,369,279,25472,314,220,18,22,15,17249,539,220,17,21,30,17308,440,1132,279,1324,13,248046,198,248045,74455,198,248068,271,248069,271
arit-037,16,248045,846,198,3710,369,279,25472,314,220,17,22,24,17249,539,220,17,17,30,17308,440,1132,279,1324,13,248046,198,248045,74455,198,248068,271,248069,271
arit-038,16,248045,846,198,3710,369,279,25472,314,220,16,16,16,17249,539,220,18,19,30,17308,440,1132,279,1324,13,248046,198,248045,74455,198,248068,271,248069,271
arit-039,16,248045,846,198,3710,369,279,25472,314,220,19,20,24,17249,539,220,17,22,30,17308,440,1132,279,1324,13,248046,198,248045,74455,198,248068,271,248069,271
codi-000,256,248045,846,198,7734,264,12654,709,884,2784,11,292,8,421,4523,836,2542,13,17308,440,1132,279,709,1970,11,874,15673,13,248046,198,248045,74455,198,248068,271,248069,271
codi-001,256,248045,846,198,7734,264,12654,709,15144,2784,11,292,8,421,4523,836,1918,13,17308,440,1132,279,709,1970,11,874,15673,13,248046,198,248045,74455,198,248068,271,248069,271
codi-002,256,248045,846,198,7734,264,12654,709,369,66034,1393,8,421,4523,2912,413,307,369,1442,745,3439,13,17308,440,1132,279,709,1970,13,248046,198,248045,74455,198,248068,271,248069,271
codi-003,256,248045,846,198,7734,264,12654,709,51184,1393,8,421,4523,307,0,364,307,2518,220,15,13,17308,440,1132,279,709,1970,13,248046,198,248045,74455,198,248068,271,248069,271
codi-004,256,248045,846,198,7734,264,12654,709,15336,1393,8,421,4523,279,307,7324,76938,1324,440,15336,7,15,11393,15,11,15336,7,16,11393,16,13,17308,440,1132,279,709,1970,13,248046,198,248045,74455,198,248068,271,248069,271
codi-005,256,248045,846,198,7734,264,12654,709,9637,3773,1104,8,421,4523,274,26548,13,17308,440,1132,279,709,1970,13,248046,198,248045,74455,198,248068,271,248069,271
codi-006,256,248045,846,198,7734,264,12654,709,369,70817,34864,1104,8,421,4523,2912,413,274,15339,279,1788,39698,321,27484,13,17308,440,1132,279,709,1970,13,248046,198,248045,74455,198,248068,271,248069,271
codi-007,256,248045,846,198,7734,264,12654,709,1698,2200,358,1943,1104,8,421,4523,279,1324,314,75767,318,5734,94865,11,1105,21181,18160,8,303,274,13,17308,440,1132,279,709,1970,13,248046,198,248045,74455,198,248068,271,248069,271
codi-008,256,248045,846,198,7734,264,12654,709,2542,1951,51532,8,421,4523,279,2542,314,264,1103,314,4947,13,17308,440,1132,279,709,1970,13,248046,198,248045,74455,198,248068,271,248069,271
codi-009,256,248045,846,198,7734,264,12654,709,1103,6144,51532,8,421,4523,279,7526,2315,314,264,2397,38127,1103,13,17308,440,1132,279,709,1970,13,248046,198,248045,74455,198,248068,271,248069,271
codi-010,256,248045,846,198,7734,264,12654,709,2018,879,31312,51532,8,421,4523,279,2018,7526,12103,869,303,264,1103,13,17308,440,1132,279,709,1970,13,248046,198,248045,74455,198,248068,271,248069,271
codi-011,256,248045,846,198,7734,264,12654,709,7438,446,51532,8,421,4523,264,1103,440,40922,6747,11,45328,1906,13,17308,440,1132,279,709,1970,13,248046,198,248045,74455,198,248068,271,248069,271
codi-012,256,248045,846,198,7734,264,12654,709,43831,2007,753,8,421,49320,704,264,1103,314,11140,1083,799,1103,13,17308,440,1132,279,709,1970,13,248046,198,248045,74455,198,248068,271,248069,271
codi-013,256,248045,846,198,7734,264,12654,709,12391,2784,11,292,8,421,4523,279,12391,1918,314,1330,5951,28365,22166,13,17308,440,1132,279,709,1970,13,248046,198,248045,74455,198,248068,271,248069,271
codi-014,256,248045,846,198,7734,264,12654,709,5344,17,87,17,24154,4205,11,417,8,421,7072,6976,1330,220,17,87,17,34030,2574,430,23283,11140,13,17308,440,1132,279,709,1970,13,248046,198,248045,74455,198,248068,271,248069,271
codi-015,256,248045,846,198,7734,264,12654,709,43364,2784,11,292,8,421,4523,279,11848,4047,47461,13,17308,440,1132,279,709,1970,13,248046,198,248045,74455,198,248068,271,248069,271
codi-016,256,248045,846,198,7734,264,12654,709,369,36951,1393,8,421,4523,2912,413,307,369,9944,13,17308,440,1132,279,709,1970,13,248046,198,248045,74455,198,248068,271,248069,271
codi-017,256,248045,846,198,7734,264,12654,709,47770,7073,56045,1393,8,421,4523,660,47770,2564,307,303,1906,13,17308,440,1132,279,709,1970,13,248046,198,248045,74455,198,248068,271,248069,271
codi-018,256,248045,846,198,7734,264,12654,709,7620,10400,51532,11,830,8,421,4523,279,1857,314,830,303,10300,11604,466,471,16,13,17308,440,1132,279,709,1970,13,248046,198,248045,74455,198,248068,271,248069,271
codi-019,256,248045,846,198,7734,264,12654,709,22873,15010,51532,8,421,25822,799,22873,44986,1440,888,279,1103,303,1925,321,4523,424,13,17308,440,1132,279,709,1970,13,248046,198,248045,74455,198,248068,271,248069,271
codi-020,256,248045,846,198,7734,264,12654,709,10562,39914,2784,11,292,8,421,78161,1330,10300,11140,1083,799,10300,1103,13,17308,440,1132,279,709,1970,13,248046,198,248045,74455,198,248068,271,248069,271
codi-021,256,248045,846,198,7734,264,12654,709,3299,3079,1104,8,421,4523,264,6249,12366,1754,3299,310,1141,1698,318,6744,383,12258,553,17308,440,1132,279,709,1970,13,248046,198,248045,74455,198,248068,271,248069,271
codi-022,256,248045,846,198,7734,264,12654,709,1379,20460,51532,8,421,4523,279,1379,20125,2315,13,17308,440,1132,279,709,1970,13,248046,198,248045,74455,198,248068,271,248069,271
codi-023,256,248045,846,198,7734,264,12654,709,1809,3584,12606,35090,8,421,5038,4105,539,836,1118,6321,1083,264,6249,13,17308,440,1132,279,709,1970,13,248046,198,248045,74455,198,248068,271,248069,271
codi-024,256,248045,846,198,7734,264,12654,709,83979,83152,1393,8,421,4523,264,1103,314,8796,364,220,16,486,77,440,426,8494,15797,8621,11965,8494,57466,5426,13,17308,440,1132,279,709,1970,13,248046,198,248045,74455,198,248068,271,248069,271
codi-025,256,248045,846,198,7734,264,12654,709,4162,10467,51532,8,421,4523,279,4162,42199,314,264,1103,13,17308,440,1132,279,709,1970,13,248046,198,248045,74455,198,248068,271,248069,271
codi-026,256,248045,846,198,7734,264,12654,709,40523,2007,11,750,11,15131,8,421,8623,82,830,310,279,2020,498,379,11,15131,906,17308,440,1132,279,709,1970,13,248046,198,248045,74455,198,248068,271,248069,271
codi-027,256,248045,846,198,7734,264,12654,709,272,38915,2270,736,46311,1290,8,421,31637,59275,310,66401,13,17308,440,1132,279,709,1970,13,248046,198,248045,74455,198,248068,271,248069,271
codi-028,256,248045,846,198,7734,264,12654,709,1122,21119,1104,8,421,4523,264,6249,314,3542,32655,13,17308,440,1132,279,709,1970,13,248046,198,248045,74455,198,248068,271,248069,271
codi-029,256,248045,846,198,7734,264,12654,709,49211,27214,8,421,1308,8027,264,49693,23283,1103,13,17308,440,1132,279,709,1970,13,248046,198,248045,74455,198,248068,271,248069,271
summ-000,96,248045,846,198,8917,5437,537,279,2614,13901,303,799,11316,25,271,760,54517,24544,63222,383,279,7948,22317,1345,338,68042,4086,806,29997,13,16120,57157,295,2789,836,50692,13643,11,321,279,40554,13569,12854,279,30592,3023,494,279,26655,13,3113,11129,279,2919,557,18717,1495,13,248046,198,248045,74455,198,248068,271,248069,271
summ-001,128,248045,846,198,56491,1205,279,2614,13901,303,264,15440,1647,11,9976,660,12688,25,271,760,54517,24544,63222,383,279,7948,22317,1345,338,68042,4086,806,29997,13,16120,57157,295,2789,836,50692,13643,11,321,279,40554,13569,12854,279,30592,3023,494,279,26655,13,3113,11129,279,2919,557,18717,1495,13,248046,198,248045,74455,198,248068,271,248069,271
summ-002,96,248045,846,198,8917,5437,537,279,2614,13901,303,799,11316,25,271,30729,71163,5954,5983,10462,310,5335,37728,11,2919,11,321,12141,38182,1083,32120,321,22817,13,88233,4964,23927,38823,3000,4649,11,864,13043,11153,23698,303,279,10583,13,1061,1817,1172,72020,1379,2199,383,8964,13,248046,198,248045,74455,198,248068,271,248069,271
summ-003,128,248045,846,198,56491,1205,279,2614,13901,303,264,15440,1647,11,9976,660,12688,25,271,30729,71163,5954,5983,10462,310,5335,37728,11,2919,11,321,12141,38182,1083,32120,321,22817,13,88233,4964,23927,38823,3000,4649,11,864,13043,11153,23698,303,279,10583,13,1061,1817,1172,72020,1379,2199,383,8964,13,248046,198,248045,74455,198,248068,271,248069,271
summ-004,96,248045,846,198,8917,5437,537,279,2614,13901,303,799,11316,25,271,760,2235,6522,383,27466,6476,9687,888,34227,15706,25442,13,11116,5122,2956,682,15740,36620,34044,11,34844,47788,11,321,264,39926,59678,13,94902,5640,494,2944,3023,310,8238,1141,8581,45248,4281,13,248046,198,248045,74455,198,248068,271,248069,271
summ-005,128,248045,846,198,56491,1205,279,2614,13901,303,264,15440,1647,11,9976,660,12688,25,271,760,2235,6522,383,27466,6476,9687,888,34227,15706,25442,13,11116,5122,2956,682,15740,36620,34044,11,34844,47788,11,321,264,39926,59678,13,94902,5640,494,2944,3023,310,8238,1141,8581,45248,4281,13,248046,198,248045,74455,198,248068,271,248069,271
summ-006,96,248045,846,198,8917,5437,537,279,2614,13901,303,799,11316,25,271,32,35622,25568,21748,888,279,32469,1066,1238,31266,13,32725,6507,264,15740,32485,383,279,55893,11,321,10849,88851,279,24007,14693,314,279,12999,13,3113,37119,1132,13988,10583,321,264,7478,21388,314,32485,14195,13,248046,198,248045,74455,198,248068,271,248069,271
summ-007,128,248045,846,198,56491,1205,279,2614,13901,303,264,15440,1647,11,9976,660,12688,25,271,32,35622,25568,21748,888,279,32469,1066,1238,31266,13,32725,6507,264,15740,32485,383,279,55893,11,321,10849,88851,279,24007,14693,314,279,12999,13,3113,37119,1132,13988,10583,321,264,7478,21388,314,32485,14195,13,248046,198,248045,74455,198,248068,271,248069,271
summ-008,96,248045,846,198,8917,5437,537,279,2614,13901,303,799,11316,25,271,760,13759,42824,279,14367,303,2250,9229,5157,287,13,47070,7157,2943,1578,9550,56785,1083,279,14367,2634,1518,279,1118,38956,1071,557,28761,13,10875,8765,314,9054,5144,424,1396,6258,13,248046,198,248045,74455,198,248068,271,248069,271
summ-009,128,248045,846,198,56491,1205,279,2614,13901,303,264,15440,1647,11,9976,660,12688,25,271,760,13759,42824,279,14367,303,2250,9229,5157,287,13,47070,7157,2943,1578,9550,56785,1083,279,14367,2634,1518,279,1118,38956,1071,557,28761,13,10875,8765,314,9054,5144,424,1396,6258,13,248046,198,248045,74455,198,248068,271,248069,271
summ-010,96,248045,846,198,8917,5437,537,279,2614,13901,303,799,11316,25,271,3320,287,18459,279,3602,314,18698,1472,264,62154,3298,14810,13,561,8937,314,279,14810,8410,310,279,6797,14378,4944,11,1345,1141,7836,16779,5821,13,6728,7106,3609,321,1179,11137,7435,310,279,2450,13,248046,198,248045,74455,198,248068,271,248069,271
summ-011,128,248045,846,198,56491,1205,279,2614,13901,303,264,15440,1647,11,9976,660,12688,25,271,3320,287,18459,279,3602,314,18698,1472,264,62154,3298,14810,13,561,8937,314,279,14810,8410,310,279,6797,14378,4944,11,1345,1141,7836,16779,5821,13,6728,7106,3609,321,1179,11137,7435,310,279,2450,13,248046,198,248045,74455,198,248068,271,248069,271
summ-012,96,248045,846,198,8917,5437,537,279,2614,13901,303,799,11316,25,271,760,23223,579,491,19403,18126,79812,494,4097,13437,25881,13,8618,25347,369,28853,440,1141,6042,11,12572,4092,11,321,22120,14334,13,40485,14864,1042,14811,16424,42780,9378,20563,13,248046,198,248045,74455,198,248068,271,248069,271
summ-013,128,248045,846,198,56491,1205,279,2614,13901,303,264,15440,1647,11,9976,660,12688,25,271,760,23223,579,491,19403,18126,79812,494,4097,13437,25881,13,8618,25347,369,28853,440,1141,6042,11,12572,4092,11,321,22120,14334,13,40485,14864,1042,14811,16424,42780,9378,20563,13,248046,198,248045,74455,198,248068,271,248069,271
summ-014,96,248045,846,198,8917,5437,537,279,2614,13901,303,799,11316,25,271,63952,31958,369,37070,303,40297,321,64229,303,3988,7094,13,561,3777,10462,17171,43247,1172,264,36781,314,11456,11,1179,2965,17958,948,19274,9704,13,60223,3609,51080,14706,303,5632,321,3114,13,248046,198,248045,74455,198,248068,271,248069,271
summ-015,128,248045,846,198,56491,1205,279,2614,13901,303,264,15440,1647,11,9976,660,12688,25,271,63952,31958,369,37070,303,40297,321,64229,303,3988,7094,13,561,3777,10462,17171,43247,1172,264,36781,314,11456,11,1179,2965,17958,948,19274,9704,13,60223,3609,51080,14706,303,5632,321,3114,13,248046,198,248045,74455,198,248068,271,248069,271
summ-016,96,248045,846,198,8917,5437,537,279,2614,13901,303,799,11316,25,271,760,324,55965,51624,42942,799,7493,28279,7123,1754,11129,13,1216,41928,279,17796,11,12647,279,27056,11,321,13332,11946,17199,13,1848,29262,4428,20803,551,1048,33172,279,20005,1396,1330,4276,13,248046,198,248045,74455,198,248068,271,248069,271
summ-017,128,248045,846,198,56491,1205,279,2614,13901,303,264,15440,1647,11,9976,660,12688,25,271,760,324,55965,51624,42942,799,7493,28279,7123,1754,11129,13,1216,41928,279,17796,11,12647,279,27056,11,321,13332,11946,17199,13,1848,29262,4428,20803,551,1048,33172,279,20005,1396,1330,4276,13,248046,198,248045,74455,198,248068,271,248069,271
summ-018,96,248045,846,198,8917,5437,537,279,2614,13901,303,799,11316,25,271,34,9527,88559,2965,1332,7948,11,24785,11,6797,30596,2919,19417,264,53653,26748,13,46373,1418,72638,1870,42464,71779,888,22892,11,6611,68211,364,8765,314,9140,13,47252,19274,79509,321,31385,1070,13,248046,198,248045,74455,198,248068,271,248069,271
summ-019,128,248045,846,198,56491,1205,279,2614,13901,303,264,15440,1647,11,9976,660,12688,25,271,34,9527,88559,2965,1332,7948,11,24785,11,6797,30596,2919,19417,264,53653,26748,13,46373,1418,72638,1870,42464,71779,888,22892,11,6611,68211,364,8765,314,9140,13,47252,19274,79509,321,31385,1070,13,248046,198,248045,74455,198,248068,271,248069,271
bili-000,48,248045,846,198,37436,279,2614,11316,6681,25,271,760,7993,7338,383,279,5344,13,248046,198,248045,74455,198,248068,271,248069,271
bili-001,48,248045,846,198,37436,279,2614,11316,6681,25,271,27336,85895,506,220,16,15,15,11995,59275,13,248046,198,248045,74455,198,248068,271,248069,271
bili-002,48,248045,846,198,37436,279,2614,11316,6681,25,271,7691,29772,500,956,6234,539,279,500,956,451,13,248046,198,248045,74455,198,248068,271,248069,271
bili-003,48,248045,846,198,37436,279,2614,11316,6681,25,271,760,3841,13477,37550,33075,888,279,15217,5388,13,248046,198,248045,74455,198,248068,271,248069,271
bili-004,48,248045,846,198,37436,279,2614,11316,6681,25,271,58150,3543,25,11388,18637,383,3619,22940,13,248046,198,248045,74455,198,248068,271,248069,271
bili-005,48,248045,846,198,37436,279,2614,11316,6681,25,271,2014,22544,264,1834,13205,279,10352,3023,13,248046,198,248045,74455,198,248068,271,248069,271
bili-006,48,248045,846,198,37436,279,2614,11316,6681,25,271,1206,381,466,524,310,381,11,421,369,279,3296,13,248046,198,248045,74455,198,248068,271,248069,271
bili-007,48,248045,846,198,37436,279,2614,11316,6681,25,271,760,3988,11619,36584,279,33078,13,248046,198,248045,74455,198,248068,271,248069,271
bili-008,48,248045,846,198,37436,279,2614,11316,6681,25,271,32,11285,314,264,15706,8491,11690,440,264,3074,2923,13,248046,198,248045,74455,198,248068,271,248069,271
bili-009,48,248045,846,198,37436,279,2614,11316,6681,25,271,39,33961,88,369,279,1786,4687,13,248046,198,248045,74455,198,248068,271,248069,271
bili-010,48,248045,846,198,37436,279,2614,11316,6681,25,271,1409,35874,1040,449,17385,13,248046,198,248045,74455,198,248068,271,248069,271
bili-011,48,248045,846,198,37436,279,2614,11316,6681,25,271,760,5572,369,2493,1223,1056,279,19601,13,248046,198,248045,74455,198,248068,271,248069,271
bili-012,48,248045,846,198,37436,279,2614,11316,6681,25,271,4350,303,21047,11,635,430,279,47091,635,13,248046,198,248045,74455,198,248068,271,248069,271
bili-013,48,248045,846,198,37436,279,2614,11316,6681,25,271,2665,6437,11,874,8457,13,248046,198,248045,74455,198,248068,271,248069,271
bili-014,48,248045,846,198,37436,279,2614,11316,6681,25,271,77565,369,2279,13,248046,198,248045,74455,198,248068,271,248069,271
bili-015,48,248045,846,198,96373,102359,99986,144886,98936,3709,96227,100535,118829,4960,98500,108604,99333,100976,1710,248046,198,248045,74455,198,248068,271,248069,271
bili-016,48,248045,846,198,96373,102359,99986,144886,98936,3709,96227,100535,118829,4960,95936,95772,16,15,15,124107,106156,1710,248046,198,248045,74455,198,248068,271,248069,271
bili-017,48,248045,846,198,96373,102359,99986,144886,98936,3709,96227,100535,118829,4960,97375,101618,98692,1710,248046,198,248045,74455,198,248068,271,248069,271
bili-018,48,248045,846,198,96373,102359,99986,144886,98936,3709,96227,100535,118829,4960,102286,101676,1710,248046,198,248045,74455,198,248068,271,248069,271
bili-019,48,248045,846,198,96373,102359,99986,144886,98936,3709,96227,100535,118829,4960,98116,108820,102357,95983,1710,248046,198,248045,74455,198,248068,271,248069,271
bili-020,48,248045,846,198,26583,279,2614,6163,1083,8193,11,9559,440,1132,279,14053,25,7441,6353,13,248046,198,248045,74455,198,248068,271,248069,271
bili-021,48,248045,846,198,26583,279,2614,6163,1083,8193,11,9559,440,1132,279,14053,25,9442,488,1546,1691,13,248046,198,248045,74455,198,248068,271,248069,271
bili-022,48,248045,846,198,26583,279,2614,6163,1083,8193,11,9559,440,1132,279,14053,25,3382,488,16089,13,248046,198,248045,74455,198,248068,271,248069,271
bili-023,48,248045,846,198,26583,279,2614,6163,1083,8193,11,9559,440,1132,279,14053,25,561,2236,369,383,279,1898,13,248046,198,248045,74455,198,248068,271,248069,271
bili-024,48,248045,846,198,26583,279,2614,6163,1083,8193,11,9559,440,1132,279,14053,25,353,599,1330,39332,13,248046,198,248045,74455,198,248068,271,248069,271
bili-025,48,248045,846,198,99133,109780,105022,95840,112254,10992,96227,100535,99129,4960,109015,99443,99453,96748,248046,198,248045,74455,198,248068,271,248069,271
bili-026,48,248045,846,198,99133,109780,105022,95840,112254,10992,96227,100535,99129,4960,96715,99018,102493,97861,248046,198,248045,74455,198,248068,271,248069,271
bili-027,48,248045,846,198,96373,102359,104268,118712,100162,96804,3709,96227,100535,136666,98159,104268,4960,95948,97078,116690,1710,248046,198,248045,74455,198,248068,271,248069,271
bili-028,64,248045,846,198,95826,2005,96789,13650,97483,13650,828,96238,96125,104268,1710,248046,198,248045,74455,198,248068,271,248069,271
bili-029,64,248045,846,198,139054,98868,110211,102115,110342,1710,248046,198,248045,74455,198,248068,271,248069,271
long-000,256,248045,846,198,7734,264,2716,3255,883,264,324,55965,51624,852,49296,264,7920,2956,13,248046,198,248045,74455,198,248068,271,248069,271
long-001,256,248045,846,198,814,20139,1204,10849,7346,11,2923,539,2923,11,364,264,21520,5600,4514,6086,13,248046,198,248045,74455,198,248068,271,248069,271
long-002,256,248045,846,198,72240,264,11285,1472,264,22865,506,3603,303,40630,7472,13,248046,198,248045,74455,198,248068,271,248069,271
long-003,256,248045,846,198,7734,264,20623,1881,264,11952,321,1141,68496,883,10963,13,248046,198,248045,74455,198,248068,271,248069,271
long-004,256,248045,846,198,39113,279,3712,314,4237,5757,494,272,2792,7023,310,279,26887,13,248046,198,248045,74455,198,248068,271,248069,271
long-005,256,248045,846,198,72240,1204,310,21844,19666,67,1336,15530,494,25844,310,7807,73541,13,248046,198,248045,74455,198,248068,271,248069,271
long-006,256,248045,846,198,7734,264,3255,883,1330,4627,852,1870,264,4757,7432,888,799,7094,13,248046,198,248045,74455,198,248068,271,248069,271
long-007,256,248045,846,198,814,20139,279,2919,10458,321,3069,424,12482,364,19719,13,248046,198,248045,74455,198,248068,271,248069,271
long-008,256,248045,846,198,49338,264,3177,18484,383,279,17415,321,7276,7071,2199,1017,13,248046,198,248045,74455,198,248068,271,248069,271
long-009,256,248045,846,198,7734,883,264,37462,852,50309,264,59505,421,18022,745,628,6512,13,248046,198,248045,74455,198,248068,271,248069,271
long-010,256,248045,846,198,72240,279,15127,303,264,15822,32469,3808,799,2400,1007,13,248046,198,248045,74455,198,248068,271,248069,271
long-011,256,248045,846,198,814,20139,1204,37683,4565,685,11,440,9989,314,2250,13759,4346,13,248046,198,248045,74455,198,248068,271,248069,271
long-012,256,248045,846,198,7734,264,21831,3255,716,383,449,23626,5257,13,248046,198,248045,74455,198,248068,271,248069,271
long-013,256,248045,846,198,72240,279,1817,314,3154,5392,494,12052,310,35935,13,248046,198,248045,74455,198,248068,271,248069,271
long-014,256,248045,846,198,39113,264,281,470,883,264,37550,321,264,9000,440,264,2708,15200,13,248046,198,248045,74455,198,248068,271,248069,271
long-015,256,248045,846,198,7734,883,279,1118,12313,19710,383,20403,321,836,1118,1936,13,248046,198,248045,74455,198,248068,271,248069,271
long-016,256,248045,846,198,814,20139,17200,310,4184,852,682,2496,3753,264,3000,44286,13,248046,198,248045,74455,198,248068,271,248069,271
long-017,256,248045,846,198,72240,264,50255,67673,321,279,19361,421,3756,1017,13,248046,198,248045,74455,198,248068,271,248069,271
long-018,256,248045,846,198,7734,264,3255,883,264,6522,1332,6265,17591,5402,13,248046,198,248045,74455,198,248068,271,248069,271
long-019,256,248045,846,198,814,20139,7022,71163,321,3069,34382,513,2512,279,42706,314,8964,13,248046,198,248045,74455,198,248068,271,248069,271
retr-000,24,248045,846,198,77615,2926,43476,5458,28,19,15,24,21,7739,28,15,13,16,60,9493,1970,364,17631,12346,9006,5101,369,220,16,15,15,15,15,15,13,3437,369,279,3175,2528,1970,364,279,17631,12346,9006,5101,30,17308,440,1132,279,1324,13,248046,198,248045,74455,198,248068,271,248069,271
retr-001,24,248045,846,198,77615,2926,43476,5458,28,19,15,24,21,7739,28,15,13,20,60,9493,1970,364,17531,5144,9006,5101,369,220,17,18,22,17,22,24,13,3437,369,279,3175,2528,1970,364,279,17531,5144,9006,5101,30,17308,440,1132,279,1324,13,248046,198,248045,74455,198,248068,271,248069,271
retr-002,24,248045,846,198,77615,2926,43476,5458,28,19,15,24,21,7739,28,15,13,24,60,9493,1970,364,23883,37119,9006,5101,369,220,18,22,19,20,20,23,13,3437,369,279,3175,2528,1970,364,279,23883,37119,9006,5101,30,17308,440,1132,279,1324,13,248046,198,248045,74455,198,248068,271,248069,271
retr-003,24,248045,846,198,77615,2926,43476,5458,28,19,15,24,21,7739,28,15,13,20,60,9493,1970,364,771,24742,12307,9006,5101,369,220,20,16,16,23,18,22,13,3437,369,279,3175,2528,1970,364,279,771,24742,12307,9006,5101,30,17308,440,1132,279,1324,13,248046,198,248045,74455,198,248068,271,248069,271
retr-004,24,248045,846,198,77615,2926,43476,5458,28,23,16,24,17,7739,28,15,13,16,60,9493,1970,364,31266,6797,9006,5101,369,220,21,19,24,16,16,21,13,3437,369,279,3175,2528,1970,364,279,31266,6797,9006,5101,30,17308,440,1132,279,1324,13,248046,198,248045,74455,198,248068,271,248069,271
retr-005,24,248045,846,198,77615,2926,43476,5458,28,23,16,24,17,7739,28,15,13,20,60,9493,1970,364,17631,12346,9006,5101,369,220,22,23,21,18,24,20,13,3437,369,279,3175,2528,1970,364,279,17631,12346,9006,5101,30,17308,440,1132,279,1324,13,248046,198,248045,74455,198,248068,271,248069,271
retr-006,24,248045,846,198,77615,2926,43476,5458,28,23,16,24,17,7739,28,15,13,24,60,9493,1970,364,17531,5144,9006,5101,369,220,24,17,18,21,22,19,13,3437,369,279,3175,2528,1970,364,279,17531,5144,9006,5101,30,17308,440,1132,279,1324,13,248046,198,248045,74455,198,248068,271,248069,271
retr-007,24,248045,846,198,77615,2926,43476,5458,28,23,16,24,17,7739,28,15,13,20,60,9493,1970,364,23883,37119,9006,5101,369,220,16,21,15,24,20,18,13,3437,369,279,3175,2528,1970,364,279,23883,37119,9006,5101,30,17308,440,1132,279,1324,13,248046,198,248045,74455,198,248068,271,248069,271
retr-008,24,248045,846,198,77615,2926,43476,5458,28,16,21,18,23,19,7739,28,15,13,16,60,9493,1970,364,771,24742,12307,9006,5101,369,220,17,24,23,17,18,17,13,3437,369,279,3175,2528,1970,364,279,771,24742,12307,9006,5101,30,17308,440,1132,279,1324,13,248046,198,248045,74455,198,248068,271,248069,271
retr-009,24,248045,846,198,77615,2926,43476,5458,28,16,21,18,23,19,7739,28,15,13,20,60,9493,1970,364,31266,6797,9006,5101,369,220,19,18,20,20,16,16,13,3437,369,279,3175,2528,1970,364,279,31266,6797,9006,5101,30,17308,440,1132,279,1324,13,248046,198,248045,74455,198,248068,271,248069,271
retr-010,24,248045,846,198,77615,2926,43476,5458,28,16,21,18,23,19,7739,28,15,13,24,60,9493,1970,364,17631,12346,9006,5101,369,220,20,22,17,22,24,15,13,3437,369,279,3175,2528,1970,364,279,17631,12346,9006,5101,30,17308,440,1132,279,1324,13,248046,198,248045,74455,198,248068,271,248069,271
retr-011,24,248045,846,198,77615,2926,43476,5458,28,16,21,18,23,19,7739,28,15,13,20,60,9493,1970,364,17531,5144,9006,5101,369,220,22,16,15,15,21,24,13,3437,369,279,3175,2528,1970,364,279,17531,5144,9006,5101,30,17308,440,1132,279,1324,13,248046,198,248045,74455,198,248068,271,248069,271
retr-012,24,248045,846,198,77615,2926,43476,5458,28,18,17,22,21,23,7739,28,15,13,16,60,9493,1970,364,23883,37119,9006,5101,369,220,23,19,22,18,19,23,13,3437,369,279,3175,2528,1970,364,279,23883,37119,9006,5101,30,17308,440,1132,279,1324,13,248046,198,248045,74455,198,248068,271,248069,271
retr-013,24,248045,846,198,77615,2926,43476,5458,28,18,17,22,21,23,7739,28,15,13,17,20,60,9493,1970,364,771,24742,12307,9006,5101,369,220,24,23,19,21,17,22,13,3437,369,279,3175,2528,1970,364,279,771,24742,12307,9006,5101,30,17308,440,1132,279,1324,13,248046,198,248045,74455,198,248068,271,248069,271
retr-014,24,248045,846,198,77615,2926,43476,5458,28,18,17,22,21,23,7739,28,15,13,20,60,9493,1970,364,31266,6797,9006,5101,369,220,17,17,16,24,15,21,13,3437,369,279,3175,2528,1970,364,279,31266,6797,9006,5101,30,17308,440,1132,279,1324,13,248046,198,248045,74455,198,248068,271,248069,271
retr-015,24,248045,846,198,77615,2926,43476,5458,28,18,17,22,21,23,7739,28,15,13,22,20,60,9493,1970,364,17631,12346,9006,5101,369,220,18,20,24,16,23,20,13,3437,369,279,3175,2528,1970,364,279,17631,12346,9006,5101,30,17308,440,1132,279,1324,13,248046,198,248045,74455,198,248068,271,248069,271
retr-016,24,248045,846,198,77615,2926,43476,5458,28,18,17,22,21,23,7739,28,15,13,24,60,9493,1970,364,17531,5144,9006,5101,369,220,19,24,21,19,21,19,13,3437,369,279,3175,2528,1970,364,279,17531,5144,9006,5101,30,17308,440,1132,279,1324,13,248046,198,248045,74455,198,248068,271,248069,271
retr-017,24,248045,846,198,77615,2926,43476,5458,28,18,17,22,21,23,7739,28,15,13,20,60,9493,1970,364,23883,37119,9006,5101,369,220,21,18,18,22,19,18,13,3437,369,279,3175,2528,1970,364,279,23883,37119,9006,5101,30,17308,440,1132,279,1324,13,248046,198,248045,74455,198,248068,271,248069,271
retr-018,24,248045,846,198,77615,2926,43476,5458,28,21,20,20,18,21,7739,28,15,13,17,20,60,9493,1970,364,771,24742,12307,9006,5101,369,220,22,22,16,15,17,17,13,3437,369,279,3175,2528,1970,364,279,771,24742,12307,9006,5101,30,17308,440,1132,279,1324,13,248046,198,248045,74455,198,248068,271,248069,271
retr-019,24,248045,846,198,77615,2926,43476,5458,28,21,20,20,18,21,7739,28,15,13,22,20,60,9493,1970,364,31266,6797,9006,5101,369,220,24,15,23,18,15,16,13,3437,369,279,3175,2528,1970,364,279,31266,6797,9006,5101,30,17308,440,1132,279,1324,13,248046,198,248045,74455,198,248068,271,248069,271
